{"cameraMode":{"drawMode":0,"name":"Shaded","section":"Shading Mode"},"sceneLighting":true,"audioPlay":false,"sceneViewState":{"showFog":true,"showMaterialUpdate":false,"showSkybox":true,"showFlares":true,"showImageEffects":true,"showParticleSystems":true},"in2DMode":false,"pivot":{"x":451.015625,"y":203.765625,"z":5.985000133514404},"rotation":{"x":0.4678913950920105,"y":0.09352454543113709,"z":-0.049862731248140338,"w":0.8774207234382629},"size":511.37322998046877,"orthographic":false}