{"cameraMode":{"drawMode":0,"name":"Shaded","section":"Shading Mode"},"sceneLighting":true,"audioPlay":false,"sceneViewState":{"showFog":true,"showMaterialUpdate":false,"showSkybox":true,"showFlares":true,"showImageEffects":true,"showParticleSystems":true},"in2DMode":false,"pivot":{"x":-1.177882194519043,"y":2.851865768432617,"z":0.3342362344264984},"rotation":{"x":-0.18845634162425996,"y":-0.8098467588424683,"z":0.36252740025520327,"w":-0.4209849238395691},"size":0.8660253882408142,"orthographic":false}