{"cameraMode":{"drawMode":0,"name":"Shaded","section":"Shading Mode"},"sceneLighting":true,"audioPlay":false,"sceneViewState":{"showFog":true,"showMaterialUpdate":false,"showSkybox":false,"showFlares":true,"showImageEffects":true,"showParticleSystems":true},"in2DMode":false,"pivot":{"x":-31.60658836364746,"y":-20.528976440429689,"z":9.51524829864502},"rotation":{"x":0.29944148659706118,"y":-0.5624167323112488,"z":0.22881565988063813,"w":0.7359929084777832},"size":20.271774291992189,"orthographic":false}