{"cameraMode":{"drawMode":0,"name":"Shaded","section":"Shading Mode"},"sceneLighting":false,"audioPlay":false,"sceneViewState":{"showFog":true,"showMaterialUpdate":false,"showSkybox":false,"showFlares":true,"showImageEffects":true,"showParticleSystems":true},"in2DMode":false,"pivot":{"x":2.658951759338379,"y":2.324249744415283,"z":3.7860562801361086},"rotation":{"x":0.1823456734418869,"y":-0.7110752463340759,"z":0.1997833102941513,"w":0.6490098834037781},"size":0.3025657832622528,"orthographic":false}