{"cameraMode":{"drawMode":0,"name":"Shaded","section":"Shading Mode"},"sceneLighting":true,"audioPlay":false,"sceneViewState":{"showFog":true,"showMaterialUpdate":false,"showSkybox":false,"showFlares":true,"showImageEffects":true,"showParticleSystems":true},"in2DMode":false,"pivot":{"x":-17.700010299682618,"y":-13.907815933227539,"z":-30.555103302001954},"rotation":{"x":0.029299255460500718,"y":-0.9668821692466736,"z":0.2176322638988495,"w":0.13014043867588044},"size":20.271774291992189,"orthographic":false}