{"cameraMode":{"drawMode":0,"name":"Shaded","section":"Shading Mode"},"sceneLighting":false,"audioPlay":false,"sceneViewState":{"showFog":true,"showMaterialUpdate":false,"showSkybox":false,"showFlares":true,"showImageEffects":true,"showParticleSystems":true},"in2DMode":false,"pivot":{"x":-10.989999771118164,"y":2.4700000286102297,"z":-2.559999942779541},"rotation":{"x":0.6578009128570557,"y":0.0022599189542233946,"z":-0.0019733216613531114,"w":0.7531867623329163},"size":0.000017073167327907868,"orthographic":false}