{"cameraMode":{"drawMode":0,"name":"Shaded","section":"Shading Mode"},"sceneLighting":true,"audioPlay":false,"sceneViewState":{"showFog":true,"showMaterialUpdate":false,"showSkybox":false,"showFlares":true,"showImageEffects":true,"showParticleSystems":true},"in2DMode":false,"pivot":{"x":6.0582146644592289,"y":3.911210298538208,"z":-9.348921775817871},"rotation":{"x":0.17322629690170289,"y":0.8267150521278381,"z":-0.37246817350387576,"w":0.38446202874183657},"size":0.44768109917640688,"orthographic":false}