{"cameraMode":{"drawMode":0,"name":"Shaded","section":"Shading Mode"},"sceneLighting":true,"audioPlay":false,"sceneViewState":{"showFog":true,"showMaterialUpdate":false,"showSkybox":true,"showFlares":true,"showImageEffects":true,"showParticleSystems":true},"in2DMode":false,"pivot":{"x":0.1308174878358841,"y":10.245926856994629,"z":11.802642822265625},"rotation":{"x":0.0021676283795386554,"y":-0.8920605182647705,"z":0.45190221071243288,"w":0.004279043525457382},"size":10.0,"orthographic":false}