{"cameraMode":{"drawMode":0,"name":"Shaded","section":"Shading Mode"},"sceneLighting":true,"audioPlay":false,"sceneViewState":{"showFog":true,"showMaterialUpdate":false,"showSkybox":false,"showFlares":true,"showImageEffects":true,"showParticleSystems":true},"in2DMode":false,"pivot":{"x":24.815885543823243,"y":78.48646545410156,"z":21.923328399658204},"rotation":{"x":-0.200213223695755,"y":0.7959102392196655,"z":-0.44553184509277346,"w":-0.35772404074668887},"size":0.44768109917640688,"orthographic":false}