{"cameraMode":{"drawMode":0,"name":"Shaded","section":"Shading Mode"},"sceneLighting":true,"audioPlay":false,"sceneViewState":{"showFog":true,"showMaterialUpdate":false,"showSkybox":true,"showFlares":true,"showImageEffects":true,"showParticleSystems":true},"in2DMode":false,"pivot":{"x":21.076148986816408,"y":14.325634002685547,"z":26.030193328857423},"rotation":{"x":0.48024091124534609,"y":0.10477443784475327,"z":-0.057908158749341968,"w":0.8689323663711548},"size":13.254030227661133,"orthographic":false}