{"cameraMode":{"drawMode":0,"name":"Shaded","section":"Shading Mode"},"sceneLighting":true,"audioPlay":false,"sceneViewState":{"showFog":true,"showMaterialUpdate":false,"showSkybox":true,"showFlares":true,"showImageEffects":true,"showParticleSystems":true},"in2DMode":false,"pivot":{"x":-42.749088287353519,"y":-42.368587493896487,"z":-46.53663635253906},"rotation":{"x":0.07966041564941406,"y":-0.9133960008621216,"z":0.33536839485168459,"w":0.21684777736663819},"size":36.37306594848633,"orthographic":false}