{"cameraMode":{"drawMode":0,"name":"Shaded","section":"Shading Mode"},"sceneLighting":false,"audioPlay":false,"sceneViewState":{"showFog":true,"showMaterialUpdate":false,"showSkybox":false,"showFlares":true,"showImageEffects":true,"showParticleSystems":true},"in2DMode":false,"pivot":{"x":-10.989998817443848,"y":2.4700002670288088,"z":-2.5599992275238039},"rotation":{"x":0.646960437297821,"y":0.07171840965747833,"z":-0.061320651322603229,"w":0.7566652297973633},"size":0.000017073167327907868,"orthographic":false}