{"cameraMode":{"drawMode":0,"name":"Shaded","section":"Shading Mode"},"sceneLighting":true,"audioPlay":false,"sceneViewState":{"showFog":true,"showMaterialUpdate":false,"showSkybox":true,"showFlares":true,"showImageEffects":true,"showParticleSystems":true},"in2DMode":false,"pivot":{"x":584.4019165039063,"y":178.7938232421875,"z":-42.830535888671878},"rotation":{"x":0.22854097187519074,"y":-0.4158482849597931,"z":0.10879912972450257,"w":0.8735142946243286},"size":117.41865539550781,"orthographic":false}