{"cameraMode":{"drawMode":0,"name":"Shaded","section":"Shading Mode"},"sceneLighting":false,"audioPlay":false,"sceneViewState":{"showFog":true,"showMaterialUpdate":false,"showSkybox":false,"showFlares":true,"showImageEffects":true,"showParticleSystems":true},"in2DMode":false,"pivot":{"x":1.4549070596694947,"y":3.6168313026428224,"z":-0.906796932220459},"rotation":{"x":0.30026930570602419,"y":-0.2439006119966507,"z":0.07971737533807755,"w":0.9186949729919434},"size":0.3025657832622528,"orthographic":false}