{"cameraMode":{"drawMode":0,"name":"Shaded","section":"Shading Mode"},"sceneLighting":true,"audioPlay":false,"sceneViewState":{"showFog":true,"showMaterialUpdate":false,"showSkybox":true,"showFlares":true,"showImageEffects":true,"showParticleSystems":true},"in2DMode":false,"pivot":{"x":-38.14742660522461,"y":-61.25933837890625,"z":16.788984298706056},"rotation":{"x":-0.3738445043563843,"y":0.5336658358573914,"z":-0.2835541069507599,"w":-0.7035984396934509},"size":44.89014434814453,"orthographic":false}